,Title,Post Text,ID,Score,Total Comments,Post URL
0,Professor learned my mom died 6 months ago and wrote me this letter. The last 2 sentences... I'm crying,,7ggf3v,8365,126,https://i.redd.it/qazxzy5k5z001.jpg
1,Harvard and MIT sue ICE over threat to remove international students who are only taking online classes,,hngw7d,8301,280,https://www.thecrimson.com/article/2020/7/8/harvard-mit-sue-immigration-authorities/
2,"(Serious question) Can anyone tell me why this happens? Give me psychology, biology, anything, please! It seems almost universal that the moment you hit college, a forever exhaustion hits. Any ideas?",,hgxvuw,7895,246,https://i.redd.it/q5jk3xscph751.jpg
3,"Ever have a kid in class show up and realize it‚Äôs an exam day, then gets up and leaves in a panic?","I‚Äôm sure you‚Äôve seen a kid like this before at the college level. Just straight up not prepared but always around? Met him a few years back, he was in 4 of my classes. He was always surprised when an exam hit, he sat next to me one day and asked if there was an exam on account of everyone having a Scantron in front of them. I told him yes, there‚Äôs an exam. He literally got up and left. Didn‚Äôt take the exam. Next exam rolls around, he seems to know what‚Äôs going on because he brings a Scantron. Only a Scantron though. No pencil, not even his backpack or anything. I luckily give him one. 

He started complaining to me a few weeks later that he was failing and the professor was out to get him. I saw him around off and on through the years. I hope he got it together. ",a1ue4l,6450,645,https://www.reddit.com/r/college/comments/a1ue4l/ever_have_a_kid_in_class_show_up_and_realize_its/
4,"Roommate from hell: ‚ÄúI have a rice cooker, lava lamp and natural sound maker, could you bring microwave, printer and fridge?‚Äù",,alqfdd,6442,370,https://i.redd.it/lq1jspjfzrd21.jpg
5,"It probably sounds dumb, but I lost my Dad in March and he was my biggest supporter for my late in life run at a Master's Degree. I just graduated this month with a 4.0 and I don't have him here to share my joy so I'm sharing here with you. Keep at it - you can do it!!",,h0dk0h,6320,334,https://www.reddit.com/r/college/comments/h0dk0h/it_probably_sounds_dumb_but_i_lost_my_dad_in/
6,professor asked us how our mental health was then added this,,ixv6q6,5530,105,https://i.redd.it/3bkdzcxfaro51.jpg
7,My Grammy passed in hospice the other day. I was totally willing to take the finals on their scheduled days and times but my professor was really kind and helpful.,,k3ato6,5528,112,https://i.redd.it/mrxfk6is27261.jpg
8,An Honest Letter from Your University President About Why We're Opening This Fall,"Dear faculty,

Oh, and staff. Sorry, we keep forgetting you exist. So sorry. You're like the middle child of higher education. You've been so quiet since you realized that unlike faculty we'll actually fire you for speaking up.

Many of you have expressed concern with our plans to move ahead with in-person classes this fall. I personally find the plan to be relatively simple.

All we need to do to safely and successfully reopen is require everyone to wear a mask at all times, test all students, faculty and staff for COVID-19 before fall semester starts, require all students to self-isolate for 14 days before they arrive, split most of our classes into two groups that will never meet together in-person, remove half the furniture from all of our classrooms and public spaces, dedicate entire ~~dorms~~ residence halls to housing sick students, train faculty to live stream their classes to remote students while juggling the virtual and in-person management of questions and feedback, assume students will maintain physical distance and wear masks when they're off campus, assume students won't go to any parties, prep faculty to move to remote instruction immediately if they get sick or have to self-quarantine, require faculty to designate a ""colleague on call"" to serve as their academic next of kin who'll teach their class for no additional pay if they get sick or die, rearrange foot traffic patterns in all of our buildings and stairwells, dramatically increase cleaning responsibilities for our overstretched environmental services team, completely change how we distribute food in dining halls, set the HVAC to blow as hard as possible in every building to keep air flow moving, hope our toxic work culture doesn't lead to people coming in sick despite us not updating our sick or leave policies to accommodate for a generational pandemic, and cross our fingers that we get to the point in the semester where we don't have to give refunds for housing or dining plans when we move to all online instruction anyway.

I don't see what's so complicated.

But since you all keep *insisting* on asking why we're taking such a ""risk"" in the midst of an unprecedented global pandemic in a country with a negligent federal response and a bunch of morons who think this is all a hoax and that mask wearing is how Bill ""5G"" Gates will steal their rights or whatever, I'm writing to clarify the university's motivations for fall.

**Money.**

Oh my god *we're so boned* if we don't get more money.

Do you not realize how much of our funding is based on dramatically overpriced housing and food? Do you not know what an auxiliary service is? *Have you not noticed a bottle of Diet Coke is $4.50 in the cafeteria?* Do you not come to the budget meetings we schedule once a year at 6:30pm the Friday before a holiday weekend?

Our endowment is like your savings account: Woefully inadequate and incapable of saving you. If we lose that sweet, sweet housing and food money we are going to have to fire at least a third of you to keep our own jobs safe, but at least we'll have a good reason to ditch those of you with tenure we don't like because you criticized us once three years ago. I'm coming for you, *Christina*.

So buck up, cupcake. Be resilient. Double your workload so you can help us maintain the fa√ßade that opening for in-person instruction is somehow going to be safe until we hit the tuition and housing due date.

We *need you* to do all this extra work so we can get that sweet, sweet student money and stay afloat. *You* are how we are going to get through this. ~~We're going to squeeze you dry and then ask for more (NOTE: Let's remove this line before we hit send).~~ By the way, here's a website about self-care that has three broken links to in-person yoga classes from last year.

This *will* involve you spending the summer designing your course twice for both in-person and online instruction. Extra funding? Hahahahahaha Nah, but here's a webcam and the login page for Zoom. Make it work.

To answer another question you've been pestering us with: Yes, we *have* noticed all the local K12 school districts are going to be starting the school year online. As such, I've directed HR to do absolutely nothing to accommodate those of you who have been audacious enough to procreate. Figure it out. We can always replace you with a grad student or post doc who's desperate enough to barely scrape by. Your call.

What? No, no we definitely won't be paying you more for the extra work you're doing.

Yes, this is probably your new normal workload moving forward if you're lucky enough to survive the Hunger Games machinations our CFO will be doing this fall.

No, we won't guarantee you won't be furloughed or fired anyway in two months.

Yes, this will put the Black and Latinx members of our community at risk since they're disproportionately represented on our environmental services staff. Unrelated note: Did I mention we're changing the name of that building that's been named after a white supremacist the past 83 years? I, for one, am grateful to be a part of solving racism forever.

Where was I again? Oh yes, money.

We need money to under pay you, the staff, and the adjuncts who teach 83% of our courses. So take this mask we paid too much to put our logo on and get to work. At least until the tuition refund deadline passes.

Love,

Your University President



EDIT: I appreciate all the awards, and especially the upvotes that made me feel reassured this is a shared experience, and that I‚Äôm not alone.",hxd9z8,5258,177,https://www.reddit.com/r/college/comments/hxd9z8/an_honest_letter_from_your_university_president/
9,"I'm a very quiet student, so I don't have anyone to share this with outside my family, but I am graduating this week as a math major with a 3.93 GPA","Like I said, I'm pretty quiet in person, and I never bring up my grades in front of my peers, but I felt inspired to brag a little bit after seeing some other posts on this sub. Because I don't like to bring up my grades, I sometimes feel like my peers assume that I'm not too bright, since I can be a little bit socially awkward!

Being a math major, I am especially proud of this, because guys... Math is hard! I like math a lot, but it does not come easily to me, and these classes were a ton of work (My college is on a 4.0 scale). In some ways, I feel like I missed out on a lot of social opportunities by prioritizing the academic side of things, so it is a mixed bag. But, it's a huge relief to be done with these classes. I love math, but I am looking forward to never having to take another math class again!

Edit: Thank you everyone for all the comments and awards, this is very nice!",ndxqyn,5085,251,https://www.reddit.com/r/college/comments/ndxqyn/im_a_very_quiet_student_so_i_dont_have_anyone_to/
10,Why do students have to give professors and admin slack due to the pandemic but we don't receive the same?,"May be a confusing title but:

We're in the middle of a pandemic, everyone knows that. Usual financial and health problems are worse for everyone, there's more anxiety in the air due to elections and covid, yet students don't seem to be getting any sort of recognition for the unusual times. The workload is as much as ever, no pass/fail grades, a lower quality of education online(I love online but it's still lower quality on average and everyone agrees on this)

But when it comes to problems with distance learning from the college's side(bad technology set ups, online exams not working etc), the excuse I'm given from them is that 'its a pandemic, we're trying to adjust to the new circumstances'. Well no shit so are we! You keep classes at the same difficulty, if not higher and want us to feel bad for you when you're not prepared to provide us a high quality education for literally thousands of dollars??

There are some of us who're on the other side of the world and have to live through an entirely different timezone to attend classes. I for one, spend all day sleeping and have to stay awake through the night because my professors want me to attend live classes and not just look at recorded ones.",jeqz5m,5061,390,https://www.reddit.com/r/college/comments/jeqz5m/why_do_students_have_to_give_professors_and_admin/
11,Should I tell her that I pooped this assignment out six hours before it was due?,,giweuo,4928,133,https://i.redd.it/tznne5ztdiy41.png
12,Isn‚Äôt this unprofessional? This is a Gen Ed class on art history btw.,,sdoft5,4871,588,https://i.redd.it/d7mi2ht1f5e81.jpg
13,Professor locked me out from taking a quiz for showing up at exactly 8am (when class starts),"I showed up at exactly 8am (the clock literally just changed from 7:59) and when I went to open the door, the professor slammed it back against me and gave me a nasty look.

This guy lets in kids who are late but slammed the door for me, at 8am. The quiz had not even started. 

Since I had to take a 0 my quiz average dropped significantly (this is 1/3 of our grade).

I went up to him after class (he let me in after the quiz) and he told me too bad, I should‚Äôve showed up at 7:59.

I WAS ON TIME. I feel like this is incredibly unreasonable and I do not know what to do.

Edit: emailed department chair, she basically talked to him and said that the quiz had already started so I need to go to his office hours and try and deal with it on my own. 

Edit: my final grade drops from an A- to a B+ (only 3 points - but still significant) 

Edit: appreciate the somewhat harsh feedback, I do need to be earlier. I literally show up like 7:57 every class and never have a problem. I just thought it was crazy to make my grade suffer when I was there at the stated time. But yes, I know how important timing is IRL

To everyone saying I‚Äôm clearly lying: I took this screenshot when I was standing outside showing my professor my phone. 8:00 on the dot: https://imgur.com/a/tJnfWPn

Edit: I‚Äôve been banned from commenting",a0jwbr,4822,760,https://www.reddit.com/r/college/comments/a0jwbr/professor_locked_me_out_from_taking_a_quiz_for/
14,Imagine sitting at the library with a view like this; Istanbul University Library,,jk2tqa,4756,79,https://i.redd.it/w0ne85x4eyv51.jpg
15,"PSA: Saying ""I'm going to watch this lecture recording later"" is probably the worst lie you'll tell yourself","Speaking from the experience of a semester of online classes; it'll start out as ""I'll watch them tonight"", then move onto ""I'll catch up on these eventually"" and it'll end with you ""catching up"" on 15 lectures the night before a midterm.

The semester's (hopefully) still young for you so thought I'd put this out there: online classes can be tricky, make sure you're making good decisions.

(Think this could help out students do better in what is obviously a difficult time for everyone! Posted this in a couple of college subs, hopefully it can be helpful to people here too!)",ikkeb7,4586,100,https://www.reddit.com/r/college/comments/ikkeb7/psa_saying_im_going_to_watch_this_lecture/
16,My twin brother and I graduated!!!,,ntmg4t,4511,96,https://i.redd.it/nub5z66mjn371.jpg
17,High school teachers: college professors are serious. College professors:,,neh7t3,4476,79,https://i.redd.it/4bopwub9uoz61.jpg
18,This would solve a lot of problems,,b4qord,4432,125,https://i.redd.it/6ivt7ct44yn21.jpg
19,"My doodle entry for the new subreddit icon :) snoo did it, and so can you!",,e30jnd,4395,74,https://i.redd.it/mvfr1l62ig141.jpg
20,Extension for Mother‚Äôs Day,,ggos6e,4293,44,https://i.redd.it/blwzuqpibtx41.jpg
21,"Never hurts to try, you could have a professor like this üôå",,mxx1il,4216,138,https://www.reddit.com/gallery/mxx1il
22,SMELL TEST,,9plbq0,4173,173,https://i.redd.it/04edt75e36t11.png
23,Low pass rates are not something to brag about,"I have known a couple of professors (and heard of many more) that will talk about having a low pass rate either for exams or the class as a bragging point. I understand that a class should be engaging and challenging and am of the opinion a degree needs to be earned. However, at a certain point a line needs to drawn. It reflects poorly on you as a teacher. Either your tests are unfair or something else you are doing is obstructing the class. I would love to hear other opinions on this.",9n3fj4,4174,408,https://www.reddit.com/r/college/comments/9n3fj4/low_pass_rates_are_not_something_to_brag_about/
24,"UPDATE: ""If You Don't Have A Web Cam I Won't Let You Take The Final And You Will Receive A 0%"" - Teacher","Update from this [post](https://www.reddit.com/r/college/comments/g99b5b/if_you_dont_have_a_web_cam_i_wont_let_you_take/)

&#x200B;

He cancelled the final instead.

&#x200B;

That was my only final I had this upcoming week. Way to finish strong.

&#x200B;

Just got my bachelors degree, yay!",gcyvw4,4142,126,https://www.reddit.com/r/college/comments/gcyvw4/update_if_you_dont_have_a_web_cam_i_wont_let_you/
25,won cards against humanity with this. Sounds about right.,,e3bs9t,4045,63,https://i.redd.it/dtx4jmzb0l141.jpg
26,Biden Affirms: ‚ÄúI Will Eliminate Your Student Debt‚Äù,,j7dcx9,3926,649,https://www.forbes.com/sites/adamminsky/2020/10/07/biden-affirms-i-will-eliminate-your-student-debt/amp/
27,"Professor got stuck in elevator, proceeded to teach with phone, went viral on twitter, and now asking us if we are interested in sharing thoughts with a journalist",,j16gnj,3922,40,https://www.reddit.com/gallery/j16gnj
28,I just earned straight A's in a full covid semester!,"I'm a 33 year old wife and mother of 3. I run our cattle farm with my husband and I just made straight A's in a 24 hour course load. And I'm freaking proud of myself!

I don't want to brag in real life, but I'm just so excited about my performance.


Edit: thanks guys. You're the best!",ka3zs4,3916,131,https://www.reddit.com/r/college/comments/ka3zs4/i_just_earned_straight_as_in_a_full_covid_semester/
29,Thoughts on this?,,i9gtiu,3717,310,https://i.redd.it/1nlz0uubvwg51.jpg
30,Campus has feral cats. I was kind of stuck like this for ten minutes this morning. Thank goodness I don‚Äôt have 8 AMs this semester!,,j2lmv9,3661,109,https://i.redd.it/1e65s0y89aq51.jpg
31,Proud to be Class of 2020 even though graduation will be in my kitchen,,g6x4ap,3594,53,https://i.redd.it/7dfvpvu9gnu41.jpg
32,Not trying to flex but I just got a 87 on my calculus 2 class. 18 months ago i was a freshman in college and didn't even know how to multiply fractions.,"16 on act, cheated on all math tests in high school. 

Had to literally take a ""math fundamentals"" class when i first started college that went over how to do  PEMDAS, exponents, long division, etc.

Now I'm a junior CS student who is in one of the most advanced math classes. Does it feel good? Yes..",h00xg9,3593,140,https://www.reddit.com/r/college/comments/h00xg9/not_trying_to_flex_but_i_just_got_a_87_on_my/
33,"Don't have many people to share this with, but I'm just so happy and proud of myself",,risy0f,3551,108,https://i.redd.it/n1jvhwh8m6681.jpg
34,"Anyone else feel like they‚Äôre not actually learning with online class, but just going through the motions to pass?","I didn‚Äôt realize this until I recently took my first exam. I realized I haven‚Äôt learned a thing, I just used my notes the entire time. It was open notes and I did well, but I know for a fact I would‚Äôve done better if I was learning in person. 

I‚Äôve realized how much our environment matters when learning. I could do homework and study at home, but I did much better and actually retained information when school was at school. There‚Äôs so many distractions at home. My phone, my family talking in the background, chores, etc. 

I also feel more compelled to go on my phone because I‚Äôm at home. For example, at work I don‚Äôt even feel the need to browse my phone because I‚Äôm at work, I have things to do and customers to check out. 

Looks like this semester (probably next semester too) I‚Äôm just gonna have to cruise along and try my best to just get A‚Äôs.",iul3qe,3523,207,https://www.reddit.com/r/college/comments/iul3qe/anyone_else_feel_like_theyre_not_actually/
35,"After 10 years struggling with depression, and drug addiction i cleaned myself up and went back to school. I made the president's list! 4.0 gpa, I never thought I'd be in a position to say I'm proud of myself again.",,od6v96,3480,143,https://i.redd.it/4d7k6izqg2971.jpg
36,Good grades? Yes. Remember what I learn? No.,It‚Äôs annoying. I study for a test and pass it only to forget everything once I move on to the next topic. Do you guys experience this?,j9s66c,3459,153,https://www.reddit.com/r/college/comments/j9s66c/good_grades_yes_remember_what_i_learn_no/
37,"For lazy college students like me: spaghetti with garlic, olive oil and pepper, with parmigiano on top. Takes ten minutes to make, is cheap and fairly healthy",,jwfda4,3440,283,https://i.redd.it/aj9jy5bfyzz51.jpg
38,I no-life triple majored in undergrad. Lots of missed experiences but the photoshoot made it well worth it. Hope it makes you laugh!,,qzby4m,3368,131,https://www.reddit.com/gallery/qzby4m
39,"Everyone have a safe fourth, and don‚Äôt procrastinate!",,c8ugko,3340,29,https://i.redd.it/ua3290yhx5831.jpg
40,College WiFi,,sgb6q7,3317,144,https://i.redd.it/leiepchqcue81.jpg
41,I panicked not knowing I have a final AND a pop quiz‚Ä¶ thanks professor!,,na22ad,3306,55,https://i.redd.it/v403bh3rxiy61.jpg
42,"Looking back at high school makes me feel like college prep/acceptance was ""overblown"".",I don't know if it's just me but I'm junior (still sophomore based on credits) now at my local state school. I've been thinking back to the SAT prep and all that stuff we had drilled into our heads during our junior and senior years at high school. The weird thing is that high school made getting accepted to college feel like this big thing but now it feels like almost nothing at all. Does anybody else have a similar thoughts about this?,a3hbzo,3297,240,https://www.reddit.com/r/college/comments/a3hbzo/looking_back_at_high_school_makes_me_feel_like/
43,Our class is the only section that is using respondus and we can‚Äôt use our own calculator. Someone in the class emailed the professor asking if we could use a calculator and this is how he replied...,,jxc9ar,3274,343,https://i.redd.it/jal6ip9yq9061.jpg
44,Finally got my diploma in the mail!,,nmqdrn,3254,112,https://www.reddit.com/gallery/nmqdrn
45,To the professors who leave comments and feedback on assignments...,"THANK YOU! 
I know you're busy grading a hundred other assignments, but whether you comment ""good job"" or just a suggestion how to improve, I appreciate each and every word.

Edit: I did NOT expect this to blow up like this! Thank you for each and every award! 

Also, yes we do read your feedback! Personally it makes my day and sometimes I reread the same comment over and over. For me, my professors are rockstars and role models.",l2tiay,3240,79,https://www.reddit.com/r/college/comments/l2tiay/to_the_professors_who_leave_comments_and_feedback/
46,So I made a Canvas and Zoom wrapped,,r85471,3212,83,https://i.redd.it/f2bta2rhad381.jpg
47,Is this allowed for professors to send to their former students? From what I know this was sent to others. We‚Äôre required to fill out a review of our professors at the end of the semester so I don‚Äôt know what others would have said.,,fyl0ih,3198,200,https://i.redd.it/4p4n9lix51s41.jpg
48,The feeling of closing tabs once you‚Äôre done with an assignment,"Absolutely the best feeling I feel in college lmao; I open up many tabs when I do an assignment, either to look to see if answers are on quizlet, taking notes, looking at notes, etc... and then when you‚Äôre done, you X out of all those tabs you used.

If I were to live for a feeling, it would be for the satisfaction of closing tabs.",ldaams,3165,74,https://www.reddit.com/r/college/comments/ldaams/the_feeling_of_closing_tabs_once_youre_done_with/
49,Stop looking down on people for their choice of major," I am tired of people telling me that my major is ""useless"" and that I'll never use it in the real world if I don't go to grad school. I'm tired of people judging me for spending MY money (I pay for my own college, my parents don't help out) on something that I enjoy doing. I'm tired of people judging others for majoring in something ""useless"" or ""easy"" or ""low-paying"" while being completely ignorant of what others go through. So, to all the people who have majors that correlate to well-paying, specific entry-level jobs post-college and constantly berate others for trying to live THEIR lives, pay close attention.

1. Not everyone wants to do what you do. Do you ever think about that? We don't all want to be software engineers or nurses or business analysts etc. People have different interests and enjoy having the freedom to pursue those interests. If people want to study anthro, let them do it. If they want to study music, let them! Don't be an asshole. You would be surprised by all of the opportunities you don't know exist that people in the ""useless"" majors have that you could never dream of.
2. Not everyone has the aptitude for it. Yeah, I'm tired of hearing people tell others ""wHY diDN't yoU JuST do ENGinEEriNG?"" as if they know the person they are telling this to better than they know themselves. Stuff like that requires a higher level of understanding of math and science that not everyone can ""just do."" Just because it's easy for you or you are driven to succeed in it doesn't mean everyone else can. Forcing people into engineering or comp sci (for example) when they aren't good at math or coding only for them to get a 2.2 GPA and learn nothing and not get any internships because of their horrendous academic performance isn't going to do anyone any good.
3. Going off of the last point, just because someone isn't cut out for a certain major doesn't make them stupid. We are all different and we are all naturally good at different things. For example, I hate public speaking and being in front of people. I would be an awful performing arts/theatre major. Does that make me stupid? Of course not. I am not a big fan of working with kids all day. I know for a fact I would not be able to handle majoring in elementary education. Does not being able to handle the elementary ed curriculum make me a failure? No, it doesn't. Everyone has their own limitations and it's nothing to be ashamed of. I would like you to consider how well you would do if you were suddenly placed in a major like that.
4. Just because you think your major is ""hard"" that doesn't automatically mean everyone else's majors are ""easy."" I get it, especially as a science major myself. We tend to think that we are on more difficult path because of the coursework. However, that doesn't mean ours is harder, it just means it's hard in a different way. For instance, philosophy majors have to become really good at critical thought, which is an excellent skill to have and something most of us are severely lacking. Education majors have to become very knowledgeable in a subject area and be able to teach it to kids/teens/etc, which is something I think would be incredibly difficult. Classics majors, depending on the school, develop a high level of understanding of Greek and Latin and learn to write well in these languages, which is an amazing ability because writing in English is already hard enough. I encourage you all to check out the curriculums of these so-called ""easy"" majors.
5. Not everyone is motivated by money. Yes, money is good, I agree. However, there are people out there that want to pursue something they are passionate about and couldn't care less how much it paid. It is far better to study something you want to study and take a lower paying job and being happy with it than it is to study something just because ""it's going to get me money"" and then be miserable for the next 40 years of your life.
6. You don't have to go into the field that you majored in. I know this is gonna be a hard pill for all you specific entry level job majors to swallow, but it's true. You can take the skills you learned in any major and apply them broadly. If you know how to market yourself and you take advantage of the opportunities that are presented to you or the one's that you seek out, then you will be fine. Do you honestly think people don't have a plan? Yes, I am sure some don't, but the majority do have some sort of direction they are looking towards going and they have a college degree to help them out.

In conclusion, stop judging people for choosing what THEY want to do with THEIR college experience. All majors are respectable and offer something unique to the world. No major is useless and no major is easy and some people want more out of life than money. I can already see what the comments section is going to look like now: ""bUt maJOrInG in EnLIsH/tHEaTRe/mUSIc/PoliSCI/BioLOGy/whateverelsepeoplethinkisuselesswithoutgoingtogradschool Is NoT SMArt BecAUSe YoU wONt MaKE moNEy & tHEn YoU WOnt gET a JoB in THat FielD."" Forget those people, they'll never learn.",h8z2u5,3162,470,https://www.reddit.com/r/college/comments/h8z2u5/stop_looking_down_on_people_for_their_choice_of/
